genre,director,actor,ko_name,en_name,release_date,close_date,screening_type,running_time,rating,age_grade,description,total_audience,image1,image2,image3,image4,,theater
판타지,크리스 콜럼버스,"다니엘 래드클리프,루퍼트 그린트,엠마 왓슨",해리포터와 마법사의 돌,Harry Potter And The Socrerers Stone,2021.09.15,2021.12.14,2D,152,9.6,0,정말 재미있는 마법 영화!! 윙가르디오 레비오우 싸~ 세상아 행복해져라 얍!,268086,https://img.megabox.co.kr/SharedImg/2021/09/07/3UeqSChjYVBdtycHCNm5fkNhlZeDAWps_420.jpg,https://movie-phinf.pstatic.net/20111222_262/1324507173909wzUz9_JPEG/movie_image.jpg?type=m665_443_2,https://movie-phinf.pstatic.net/20111222_112/1324507175124j6Cdj_JPEG/movie_image.jpg?type=m665_443_2,https://movie-phinf.pstatic.net/20111222_194/1324507176734G324d_JPEG/movie_image.jpg?type=m665_443_2,,"강남,강남대로(씨티),강동,군자,홍대,신촌,선릉,역삼"
드라마,이장훈,"박정민,이성민,임윤아,이수경",기적,miracle,2021.09.15,2021.12.14,2D,117,9,12,"<h1>오갈 수 있는 길은 기찻길밖에 없지만</h1>
정작 기차역은 없는 마을.
오늘부로 청와대에 딱 54번째 편지를 보낸 ‘준경’(박정민)의 목표는 단 하나!
바로 마을에 기차역이 생기는 것이다.

기차역은 어림없다는 원칙주의 기관사 아버지 ‘태윤’(이성민)의 반대에도
누나 ‘보경’(이수경)과 마을에 남는 걸 고집하며 왕복 5시간 통학길을 오가는 ‘준경’.
그의 엉뚱함 속 비범함을 단번에 알아본 자칭 뮤즈 ‘라희’(임윤아)와 함께
설득력 있는 편지쓰기를 위한 맞춤법 수업,
유명세를 얻기 위한 장학퀴즈 테스트,
대통령배 수학경시대회 응시까지!
오로지 기차역을 짓기 위한 ‘준경’만의 노력은 계속되는데...!

포기란 없다
기차가 서는 그날까지!",11007,https://img.megabox.co.kr/SharedImg/2021/08/27/p3Z0Np5ZUIuWc34qQHQMeWhyC0QjxUcT_420.jpg,https://img.megabox.co.kr/SharedImg/2021/08/25/XcXjdz0DM9K7geiY8oWjlck2NJkqhijw_380.jpg,https://img.megabox.co.kr/SharedImg/2021/05/07/M8anTBxyUSIAYsfhuGvu02EObUpSiq25_380.jpg,https://img.megabox.co.kr/SharedImg/2021/05/07/UeUnbF6qjfpSNNgxLKe3JkEDAl7D9ZFr_380.jpg,,"강남,강남대로(씨티),강동,군자,홍대,신촌,선릉,역삼"
"범죄,액션","김곡,김선","변요한,김무열,김희원,박명훈",보이스,On the Line,2021.09.15,2021.12.14,2D,109,8.7,15,"<h1>단 한 통의 전화!</h1>
걸려오는 순간 걸려들었다!

부산 건설현장 직원들을 상대로 걸려온 전화 한 통.
보이스피싱 전화로 인해 딸의 병원비부터 아파트 중도금까지,
당일 현장에서는 수많은 사람들이 목숨 같은 돈을 잃게 된다.

현장작업반장인 전직형사 서준(변요한)은 가족과 동료들의 돈 30억을 되찾기 위해
보이스피싱 조직을 추적하기 시작한다.

마침내 중국에 위치한 본거지 콜센터 잠입에 성공한 서준,
개인정보확보, 기획실 대본입고, 인출책 섭외, 환전소 작업, 대규모 콜센터까지!
체계적으로 조직화된 보이스피싱의 스케일에 놀라고,
그곳에서 피해자들의 희망과 공포를 파고드는 목소리의 주인공이자 기획실 총책 곽프로(김무열)를 드디어 마주한다.

그리고 그가 300억 규모의 새로운 총력전을 기획하는 것을 알게 되는데..

상상이상으로 치밀하게 조직화된 보이스피싱의 실체!
끝까지 쫓아 반드시 되찾는다!",15804,https://img.megabox.co.kr/SharedImg/2021/08/30/nFSp8Q8x6oKfoDo6t7BeDeJfgT8W9x0K_420.jpg,https://img.megabox.co.kr/SharedImg/2021/08/18/B5y1V50bUpclSBumgoL631pupHYQFf3z_380.jpg,https://img.megabox.co.kr/SharedImg/2021/08/19/xJAFPyfQZR9YYn8tYKSRof28zzdERbyw_380.jpg,https://img.megabox.co.kr/SharedImg/2021/08/19/pjsbgqtoYdag0S8w6rnfuHmhiVppYRVF_380.jpg,,"강남,강남대로(씨티),강동,군자,홍대,신촌,선릉,역삼"
"스릴러,액션",필감성,황정민,인질,Hostage: Missing Celebrity,2021.08.18,2021.11.17,2D,94,8.5,15,"<h1>배우 황정민 '인질'로 잡혔다!</h1>

평소와 똑같던 어느 새벽,
서울 한복판에서 증거도, 목격자도 없이 대한민국 톱배우 '황정민'이 납치된다.

한 치 앞을 알 수 없는 상황 속
살기 위한 극한의 탈주가 시작되는데…

올여름, 관객들을 사로잡을 리얼리티 액션스릴러가 온다!",1543936,https://img.megabox.co.kr/SharedImg/2021/07/14/JxjYc4vqjToiMvQjDnJRI0Z69KGe2XBe_420.jpg,https://img.megabox.co.kr/SharedImg/2021/07/23/OIWeIKXmNUsXACCBbXpH1xsUN7Wp8EnC_380.jpg,https://img.megabox.co.kr/SharedImg/2021/09/14/g4mb0AgFmXV8kxrV8qgIF4lOfuZKpsDJ_380.jpg,https://img.megabox.co.kr/SharedImg/2021/07/07/5JTUxkAzK7EIlhqL6X63PIReP1sePy3e_380.jpg,,"강남,강남대로(씨티),강동,군자,홍대,신촌,선릉,역삼"
액션,캐리 후쿠나가,"다니엘 크레이그,라미 말렉,라샤나 린치,레아 세이두,벤 위쇼,아나 디 아르마스,나오미 해리스",007 노 타임 투 다이,NO TIME TO DIE,2021.09.29,2021.12.28,2D,163,0,12,<h1>가장 강력한 운명의 적과 마주하게된 제임스 본드의 마지막 미션이 시작된다</h1>,0,https://img.megabox.co.kr/SharedImg/2021/09/03/EdklwEN8i1d8A6ndsKHwkKuEUwVkGOau_420.jpg,https://img.megabox.co.kr/SharedImg/2021/09/09/Ze0O8ZJwGdH8iNLV7zPaHY1guiFp1Ive_380.jpg,https://img.megabox.co.kr/SharedImg/2021/09/09/5i0hSPEkk4WLL3wZXhHxJY69oPJ5T7ld_380.jpg,https://img.megabox.co.kr/SharedImg/2021/09/09/94iV5QDPWKX4rat6NnnHqamJopPYj8kC_380.jpg,,"강남,강남대로(씨티),강동,군자,홍대,신촌,선릉,역삼"
"다큐멘터리,드라마",,"엔리코 로 베르소,이바노 마레스코티",미켈란젤로,Michelangelo - Infinito,2021.09.29,2021.12.28,2D,97,0,12,<h1>미켈란젤로의 생애와 작품 세계를 다룬 영화</h1>,0,https://img.megabox.co.kr/SharedImg/2021/09/09/V45SxpoxZdh51w6UJZyJIenvfZnIxNaz_420.jpg,https://img.megabox.co.kr/SharedImg/2021/09/09/ApjpeMCYvDtZUDOyJGCCilCRFiEEJhor_380.jpg,https://img.megabox.co.kr/SharedImg/2021/09/09/RCNUIsFf9D3zUvFgBmEqaU8Hh6EFeEsY_380.jpg,https://img.megabox.co.kr/SharedImg/2021/09/09/2aPwIR0DBhJGsvyFSai3Or5uZyPUeiGT_380.jpg,,"강남,강남대로(씨티),강동,군자,홍대,신촌,선릉,역삼"
스릴러,김민섭,"송창의,송영규",수색자,The Recon,2021.09.29,2021.12.28,2D,111,0,15,"<h1>억울하게 죽은 영혼들의 무덤 DMZ</h1>

어두운 밤 총성이 울린 후 파견 나온 교육장교가 사망하는 사건이 일어난다.
같은 시각 출입통제구역 DMZ로 탈영병이 도주하는 일이 발생하고
3소대는 DMZ 수색 작전에 긴급 투입된다.

그곳에서 대원들은 탈영병도, 수색 대원도 아닌 정체불명의 병사를 목격한다.
그리고 알 수 없는 죽음의 릴레이가 시작되는데...

모든 건 바로 그날 시작되었다!",443,https://img.megabox.co.kr/SharedImg/2021/09/23/ticq3T5WrHLSR61sRrPfZ3FlxlMY3jSi_420.jpg,https://img.megabox.co.kr/SharedImg/2021/09/23/IW7uA38VLxRwHMjzRcSMckuKPpMwSZS8_380.jpg,https://img.megabox.co.kr/SharedImg/2021/09/27/KXCqSwAEJNzd5GkNSG4eQcfBm7l6pJC9_380.jpg,https://img.megabox.co.kr/SharedImg/2021/09/27/Qv136SHcO1iDjxfql38zOFEyRpKOV20H_380.jpg,,"강남,강남대로(씨티),강동,군자,홍대,신촌,선릉,역삼"
액션,여비,"장징추,야쿠쇼 코지,임백굉",윙스 오버 에베레스트,Wings Over Everest,2021.09.30,2021.12.29,2D,110,0,15,"<h1>에베레스트 악명 높은 죽음의 구간 '데드존'에 기밀문서를 실은 항공기가 추락하는 사고가 발생한다.</h1>
최고의 산악 구조대 팀인 '윙스'는 자신들을 인도 정부 관료라고 소개한 인물들에게
문서의 추락 지점까지 안내해달라는 수상한 의뢰를 받게 되고, 그들과 함께 위험한 등정을 시작하는데...
",0,https://img.megabox.co.kr/SharedImg/2021/09/23/9VKUK4hK68LlAdJ7NciIit1rRT8XN6hj_420.jpg,http://t1.daumcdn.net/movie/daa7444efd6d48ed9d4239dba178c88e1571862996213,http://t1.daumcdn.net/movie/8a726b91c6d342bdbf1604908dc50c161571862996410,http://t1.daumcdn.net/movie/f5672b4987de44a4bf05ee23b6630fd91571862996656,,"강남,강남대로(씨티),강동,군자,홍대,신촌,선릉,역삼"
"공포(호러),미스터리",니아 다코스타,"야히아 압둘 마틴 2세,테요나 패리스,네이산 스튜어트 자렛,콜먼 도밍고",캔디맨,CANDYMAN,2021.09.22,2021.12.21,2D,91,6.9,15,"<h1>들어봤니?</h1>
미지의 존재 캔디맨
비주얼 아티스트 ‘안소니’는 새 작품 구상을 위해 어릴 적 살던 도시로 돌아가고,
그곳에서 오래 전부터 떠돈 괴담을 듣고 매혹되면서 ‘캔디맨’에 대한 충격적인 비밀을 알게 되는데...

불러봤니?
죽음을 부르는 남자 캔디맨
세상을 뒤흔든 미지의 존재
캔디맨, 캔디맨, 캔디맨, 캔디맨...
한 번만 더 부르면 그가 나타나게 되는데…
용기가 있다면 그의 이름을 불러봐",44259,https://img.megabox.co.kr/SharedImg/2021/08/23/O7kbNmn1NL1TVQXwdXpEpW5raAtkXy5e_420.jpg,https://img.megabox.co.kr/SharedImg/2021/08/31/tyOWMjtwj2AOaUvzdLQn5BWCW9mVNa9j_380.jpg,https://img.megabox.co.kr/SharedImg/2021/09/09/u4gRcoxeJ72kqnvtqK33Jq2DClwuuOl1_380.jpg,https://img.megabox.co.kr/SharedImg/2021/09/27/UwUEG0XPG46yjHx9PWd1w7b5G6lyGmoj_380.jpg,,"강남,강남대로(씨티),강동,군자,홍대,신촌,선릉,역삼"
액션,니우정,"방민구,심딸기,한상만",최악의 삶,SNOWMALL,2021.09.01,2021.11.30,2D,109,5.2,15,"<h1>그때는 몰랐다 그게 우리의 최악이었다</h1>

열여덟 ‘강산’, ‘아름’, ‘소음’.
더 나아지기 위해서 기꺼이 더 나빠졌던 우리의
이상했고 무서웠던 그 시절의 액션

최악의 삶",10017,https://img.megabox.co.kr/SharedImg/2021/08/11/eLq9KAe318dmHqTbhwQ29QRvRXGpr3Uf_420.jpg,https://img.megabox.co.kr/SharedImg/2021/08/11/ymWhYELz7k80qYGlhhM94htw0M1ab4F7_380.jpg,https://img.megabox.co.kr/SharedImg/2021/08/09/yuh52ksHqbUhT8gqVaaVyJNIYp8cBsQV_380.jpg,https://img.megabox.co.kr/SharedImg/2021/09/09/QxjXF5aaHS2u2IjZQ91Atpj4MChk4mbb_380.jpg,,"강남,강남대로(씨티),강동,군자,홍대,신촌,선릉,역삼"
"SF,드라마",알폰소 쿠아론,"산드라 블록,조지 클루니",그래비티,Gravity,2021.10.06,2022.01.05,2D,91,0,12,"<h1>외계인도 우주전쟁도 없다!</h1>
이것이, 누구도 경험하지 못한 진짜 재난이다!

허블 우주망원경을 수리하기 위해 우주를 탐사하던 라이언 스톤 박사는
폭파된 인공위성의 잔해와 부딪히면서 소리도 산소도 없는 우주 한가운데에 홀로 남겨지는데…",0,https://img.megabox.co.kr/SharedImg/2021/09/08/UBtb87nF35c9TgZG2N87n12aQWmMmNd8_420.jpg,https://img.megabox.co.kr/SharedImg/2021/09/17/WTwxrfy8dGBvkVa1bR59kTRDFvT99xEl_380.jpg,http://t1.daumcdn.net/cfile/2738B749524AB7D203,http://t1.daumcdn.net/cfile/262B963A5224431E10,,"강남,강남대로(씨티),강동,군자,홍대,신촌,선릉,역삼"
"액션,어드벤처,판타지",데스틴 크리튼,"양조위,아콰피나,양자경,시무 리우",샹치와 텐 링즈의 전설,Shang-Chi and the Legend of the Ten Rings,2021.09.01,2021.11.30,2D,132,8.4,12,"<h1>'텐 링즈’를 차지하는 자, 세상을 지배한다!</h1>

초인적인 능력을 가진 ‘텐 링즈’의 힘으로 수세기 동안 어둠의 세상을 지배해 온 ‘웬우’
'샹치’는 아버지 ‘웬우’ 밑에서 암살자로 훈련을 받았지만 이를 거부하고 평범함 삶을 선택한다.
그러나 ‘샹치’는 목숨을 노리는 자들의 습격으로 더 이상 운명을 피할 수 없다는 것을 직감하고,
어머니가 남긴 가족의 비밀과 내면의 신비한 힘을 일깨우게 된다
벗어나고 싶은 과거이자, 그 누구보다 두려운 아버지 ‘웬우’를 마주해야 하는 ‘샹치’
악이 될 것인가? 구원이 될 것인가?

마블의 새로운 시대,
세상에 없던 힘이 탄생한다!",1670695,https://img.megabox.co.kr/SharedImg/2021/08/17/0vK6p4ihnIbS8wLTSrFgKIGorxMrs5j6_380.jpg,https://img.megabox.co.kr/SharedImg/2021/08/17/QwhCofjHCipCd6HNdyAQ3LGggFMVJciS_380.jpg,https://img.megabox.co.kr/SharedImg/2021/08/17/pQGiQgdGBSdYAgrBahI0XtPqIl96bof6_380.jpg,https://img.megabox.co.kr/SharedImg/2021/08/17/iunOqGvvzjhVfYVyr5a5JLLn5St5mLaK_380.jpg,,"강남,강남대로(씨티),강동,군자,홍대,신촌,선릉,역삼"
애니메이션,쿄고쿠 타카히코,"박영남,김환진,강희선,여민정,정유미,강새봄",극장판 짱구는 못말려: 격돌! 낙서왕국과 얼추 네 명의 용사들,Crayon Shin-chan: Crash! Scribble Kingdom and Almost Four Heroes,2021.09.15,2021.12.14,2D,103,9.2,0,"<h1>아이들의 낙서가 사라져 붕괴 위기에 처한 낙서왕국은
낙서 에너지를 모으기 위해 지구 침공을 시작한다.
</h1>
낙서왕국의 위험한 작전을 막기 위해
지상의 용사로 선택 받은 짱구는
그림에 생명을 불어넣는 ‘미라클 크레용’을 얻게 된다.

쓰윽 쓰윽~ 그려 그려~!
짱구가 미라클 크레용으로 그림을 그리자
브리프, 가짜 이슬이 누나, 부리부리 용사가
스케치북 밖으로 튀어나오는데..!

과연, 크레용 용사 짱구는 낙서 용사들과 함께
위험에 빠진 떡잎마을과 세계를 구할 수 있을까?!",131406,https://img.megabox.co.kr/SharedImg/2021/09/02/qIHrR3vaYo5pMKAO0IEu1tdmULba7S7m_420.jpg,https://img.megabox.co.kr/SharedImg/2021/07/15/UmB8zL1TqSdbxXalEnFvozoFpkJ9X78g_380.jpg,https://img.megabox.co.kr/SharedImg/2021/07/15/WZR72gWmS22zBlwKaIznuA9YUwduffQo_380.jpg,https://img.megabox.co.kr/SharedImg/2021/07/15/IfO6sgRvGb8ZPqIsB8W3mHJ6kyAbhBap_380.jpg,,"강남,강남대로(씨티),강동,군자,홍대,신촌,선릉,역삼"
"드라마,액션",류승완,"김윤석,조인성,허준호,구교환,김소진",모가디슈,Escape from Mogadishu,2021.07.28,2021.10.27,2D,121,9.3,15,"<h1>내전으로 고립된 낯선 도시, 모가디슈</h1>
지금부터 우리의 목표는 오로지 생존이다!

대한민국이 UN가입을 위해 동분서주하던 시기
1991년 소말리아의 수도 모가디슈에서는 일촉즉발의 내전이 일어난다.
통신마저 끊긴 그 곳에 고립된 대한민국 대사관의 직원과 가족들은
총알과 포탄이 빗발치는 가운데, 살아남기 위해 하루하루를 버텨낸다.
그러던 어느 날 밤, 북한 대사관의 일행들이 도움을 요청하며 문을 두드리는데…

목표는 하나, 모가디슈에서 탈출해야 한다!",3569399,https://img.megabox.co.kr/SharedImg/2021/08/20/RXpJHrGvZZDIKAD5rqJWL4kSzlI2Fy54_420.jpg,https://img.megabox.co.kr/SharedImg/2021/08/20/IWxzDRLhtbaVKoxkugGUBWsgJKit1T5g_380.jpg,https://img.megabox.co.kr/SharedImg/2021/08/09/6LRqjuKANTM1FBA3Jc5rE8RhqfctXeZO_380.png,https://img.megabox.co.kr/SharedImg/2021/08/10/hB3siAj92Uaw9AH7zNSKoYHYz2HckAI0_380.jpg,,"강남,강남대로(씨티),강동,군자,홍대,신촌,선릉,역삼"
애니메이션,카키모토 코다이,"아이바 아이나,쿠도 하루카,나카시마 유키",뱅드림! 로젤리아 에피소드 Ⅱ : 송 아이 엠,BanG Dream! Episode of Roselia Ⅱ: Song I am.,2021.09.09,2021.12.08,2D,71,9.6,0,"<h1>수많은 시련을 극복하고 퓨처 월드 페스 출전을 맹세한 Roselia의 멤버들.</h1>
그리고 계절은 가을을 맞았다.
'약속' 작사 이후 성장한 리사.
단풍놀이를 하러 가서 미래의 자신들에게 결의의 그림엽서를 쓰는 유키나와 사요.
Roselia를 위해 무언가 하고 싶다는 마음이 들어 신곡을 작곡하려는 린코.
'남은 퀘스트는 콘테스트하고 대회하고... 퓨처 월드 페스...'
자신들의 최종 목표를 생각하다가 문득 불안해지는 아코.
퓨처 월드 페스 끝에 다섯 멤버가 본 풍경은...",12457,https://img.megabox.co.kr/SharedImg/2021/09/01/TaFxsDtwWlvJh0NTg27zze0chGBb3g83_420.jpg,https://img.megabox.co.kr/SharedImg/2021/08/25/dXOkOFpka2dhN3Zz039eeh3OhzuZgeBM_380.jpg,https://img.megabox.co.kr/SharedImg/2021/08/25/EGLZ9gZngvjmKUOvq4WL8kYMutYsurVy_380.jpg,https://img.megabox.co.kr/SharedImg/2021/08/25/Q63DhgFsvuTkvfhVmJpCN1fyemeRhawa_380.jpg,,"강남,강남대로(씨티),강동,군자,홍대,신촌,선릉,역삼"
애니메이션,야지마 테츠오,"지우,이슬이,웅이","극장판 포켓몬스터: 정글의 아이, 코코",Pokemon the Movie: Secrets of the Jungle,2021.09.15,2021.12.14,2D,99,9.4,0,"<h1>포켓몬의 손에서 자라 자신이 포켓몬이라고 믿는 소년 ‘코코’</h1>
처음 만나게 된 인간 소년 ‘지우’와 파트너 포켓몬 ‘피카츄’의 친구가 되면서
새로운 모험을 시작하게 되는 이야기
",164666,https://img.megabox.co.kr/SharedImg/2021/08/24/0u06XWdMrXDFmGTF712u5sPO5VE88Ebn_420.jpg,https://img.megabox.co.kr/SharedImg/2021/09/09/0Xxe5D5uAeQYGrzxbsSgsG3PV2LcwJuM_380.jpg,https://img.megabox.co.kr/SharedImg/2021/07/05/siDev8pWDe3mPPXmUSSq6g0M6HXIxOWS_380.jpg,https://img.megabox.co.kr/SharedImg/2021/07/05/i0QM0vbVn4LnuBYAmsvM2wiih7tnQgp4_380.jpg,,"강남,강남대로(씨티),강동,군자,홍대,신촌,선릉,역삼"
판타지,마우고시카 슈모프스카,"마셀 엔그레르트,알렉 엇가프,마야 오스타쉐브스카",첫눈이 사라졌다,Never Gonna Snow Again,2021.10.01,2021.12.31,2D,116,0,15,"<h1>“하나, 둘, 셋. 숨을 내쉴 때마다 몸이 가벼워집니다. 먼지처럼!”</h1>

자신의 특별한 능력을 통해 사람들의 마음 속 슬픔과 갈망을 들여다보는 최면술사 ‘제니아’.
그의 능력은 순식간에 입소문을 타고 폴란드 바르샤바의 한마을이 떠들썩해진다.
모두가 그를 만나고 싶어 혈안이 된 가운데, 미스터리에 감추어진 ‘제니아’의 최면술이 사람들을 사로잡기 시작한다.

""당신의 불행과 고통을 몰아내는 중입니다. 제가 셋을 세면 눈을 뜹니다. 하나, 둘, 셋, 탁!""",71,https://img.megabox.co.kr/SharedImg/2021/08/13/FilDWyCj7oMMcpCi1BY20CMdh4QF69We_420.jpg,https://img.megabox.co.kr/SharedImg/2021/08/13/5L0gZo1A42QRNN0QmuxJHMoGicGD54uD_1100.jpg,https://img.megabox.co.kr/SharedImg/2021/08/20/t6Pna55E0jfv6ahjfUxlMsr3tIFITRVl_380.jpg,https://img.megabox.co.kr/SharedImg/2021/08/20/qG62dIz9tHEsVbWAaMzGVqtQIng9Pc9G_380.jpg,,"강남,강남대로(씨티),강동,군자,홍대,신촌,선릉,역삼"
"드라마,로맨스,애니메이션",신카이 마코토,"유키 아오이,카미키 류노스케,나가사와 마사미",너의 이름은,your name,2021.09.09,2021.12.08,2D,106,9.1,12,"<h1>아직 만난 적 없는 너를, 찾고 있어</h1>

천년 만에 다가오는 혜성
기적이 시작된다

도쿄에 사는 소년 ‘타키’와 시골에 사는 소녀 ‘미츠하’는
서로의 몸이 뒤바뀌는 신기한 꿈을 꾼다
낯선 가족, 낯선 친구들, 낯선 풍경들...
반복되는 꿈과 흘러가는 시간 속, 마침내 깨닫는다
우리, 서로 뒤바뀐 거야?

절대 만날 리 없는 두 사람
반드시 만나야 하는 운명이 되다

서로에게 남긴 메모를 확인하며
점점 친구가 되어가는 ‘타키’와 ‘미츠하’
언제부턴가 더 이상 몸이 바뀌지 않자
자신들이 특별하게 이어져있었음을 깨달은
‘타키’는 ‘미츠하’를 만나러 가는데...

잊고 싶지 않은 사람
잊으면 안 되는 사람
너의 이름은?",3789536,https://img.megabox.co.kr/SharedImg/2021/09/07/KbLPdrF5WBGN5OemdEEAl9TJ3ncdvOIQ_420.jpg,https://img.megabox.co.kr/SharedImg/asis/system/mop/still/2016/9E/18C037-9BF5-4D42-8F93-0C7FFDD92B8C.large.jpg,https://img.megabox.co.kr/SharedImg/asis/system/mop/still/2016/63/532238-EC5B-4623-BC6E-7B5377D6020C.large.jpg,https://img.megabox.co.kr/SharedImg/asis/system/mop/still/2016/E9/920757-D764-4EE7-9307-7495E89FEAB3.large.jpg,,"강남,강남대로(씨티),강동,군자,홍대,신촌,선릉,역삼"
드라마,스르단 고루보비치,세르탄지오,아버지의 길,Father,2021.09.30,2021.12.29,2D,119,0,12,"<h1>세르비아의 작은 시골마을.</h1>
부당해고를 당해 일용직으로 근근이 하루를 살아가고 있는 두 아이의 아버지 니콜라.
가난과 배고픔을 견디다 못한 아내는 회사에 대한 분노로 극단적인 행동을 하게 되고,
부패한 사회 복지과는 자신들의 이득만을 위해 두 아이들의 양육권을 부모에게서 빼앗아 버린다.
가족을 지키기 위한 힘든 노력에도 불구하고 결국 아이들을 빼앗겨 버린 니콜라는
그 누구도 믿을 수 없는 상황에서 가족을 지키기 위한 단 하나의 일념으로
300km가 넘는 거리인 수도 베오그라드까지의 긴 여정을 결심한다.

모든 불가능함에도 불구하고,
자신의 아이들을 되찾을 권리와 정의를 위해
아버지 니콜라는 걸음을 멈추지 않는다.",238,https://img.megabox.co.kr/SharedImg/2021/09/27/S15mIw5eBXs9ehKP9AzuLIJcbrkD3eAz_420.jpg,https://img.megabox.co.kr/SharedImg/2021/09/27/sgvXGaop9WFbYuu92sjeCyeRNOUL5FlR_1100.jpg,https://img.megabox.co.kr/SharedImg/2021/09/14/Odxr70CeTL21x2zKkCTRkdz5991IoLgI_380.jpg,https://img.megabox.co.kr/SharedImg/2021/09/14/GlJlHwkiGocTrVnkuukfySj53R8S5CGn_380.jpg,,"강남,강남대로(씨티),강동,군자,홍대,신촌,선릉,역삼"
드라마,션 헤이더,"에밀리아 존스,퍼디아 월시",코다,CODA,2021.08.31,2021.11.30,2D,112,9.1,12,"<h1>2021년, 음악의 마법에 빠질 시간!</h1>
가장 조용한 세상에서 시작된 여름의 노래!

24/7 함께 시간을 보내며 소리를 들을 수 없는 가족을 세상과 연결하는 코다 '루비'는
짝사랑하는 '마일스'를 따라간 합창단에서 노래하는 기쁨과 숨겨진 재능을 알게 된다.

합창단 선생님의 도움으로 마일스와의 듀엣 콘서트와 버클리 음대 오디션의 기회까지 얻지만
자신 없이는 어려움을 겪게 될 가족과 노래를 향한 꿈 사이에서 루비는 망설이는데…",55539,https://img.megabox.co.kr/SharedImg/2021/08/10/swciRNrJsMyEQWICnstavwBwYj8x2dqG_420.jpg,https://img.megabox.co.kr/SharedImg/2021/08/30/UtplY59EylCMj09b4VQyRZQ0X21lKwJK_380.jpg,https://img.megabox.co.kr/SharedImg/2021/07/19/rd45yA39LEw7DqPTHdj7iLI843nzRWZY_380.jpg,https://img.megabox.co.kr/SharedImg/2021/07/19/YnUvkvnQ8ukLOVukFYsfI3b6lQMM4Jwk_380.jpg,,"강남,강남대로(씨티),강동,군자,홍대,신촌,선릉,역삼"
"로맨스,코미디",한텐,"허광환,장약남",여름날 우리,My Love,2021.08.25,2021.11.24,2D,115,8.7,12,"<h1>처음이었다, 사랑이 싹트는 기분</h1>

너에게 풍덩 빠져버렸던 17살의 여름.
너를 두고 아무것도 할 수 없었던 21살의 여름.
그리고 몇 번의 여름이 지나고 다시 만난 너,
이젠 놓치지 않을 거야.

“널 만난 건 내 인생 최고의 행운이었어”",38823,https://img.megabox.co.kr/SharedImg/2021/08/26/Nctkir9IVqkSGocCinh3w4zqwYIzCWa1_420.jpg,https://movie-phinf.pstatic.net/20210730_216/1627606980261H4VqD_JPEG/movie_image.jpg?type=m665_443_2,https://movie-phinf.pstatic.net/20210730_3/1627607031655EGLLX_JPEG/movie_image.jpg?type=m665_443_2,https://movie-phinf.pstatic.net/20210730_261/1627607066754OGILc_JPEG/movie_image.jpg?type=m665_443_2,,"강남,강남대로(씨티),강동,군자,홍대,신촌,선릉,역삼"
공연,미스터 쟝,"오페라맨, 오페라우먼",[오페라] 마담 버터플라이@The Met,MADAMA BUTTERFLY,2021.09.07,2021.12.06,2D,194,9.8,0,"<h1>[SEASON 2021 뉴욕 메트로폴리탄 오페라]</h1>
코로나19 여파로 뉴욕 현지에서 오페라 공연이 진행되지 못하여, 2021 메트 오페라는 2010년대 이후 공연작 중 화제의 오페라를 엄선하여 상영합니다.

[상영 정보]
- 상영 일정 : 2021년 9월 7일 ~ 2021년 10월 30일 / 화 19:00 (목동, 킨텍스, 센트럴 14:00), 토 14:00 상영
*거리두기 단계에 따라 평일 저녁 상영 시간은 조정될 수 있습니다.
- 상영 지점 : 목동, 성수, 센트럴, 코엑스, 분당, 킨텍스
- 러닝 타임 : 194분 *인터미션 있음
- 배급사 사정에 따라 상영 일정 및 지점 등이 변경될 수 있습니다.

[시놉시스]
개화기 일본 나가사키, 집안의 몰락으로 게이샤가 된 15세의 초초상(마담 버터플라이)과 나가사키 주재 미국 해군중위 핑커톤은 집안의 반대와 친구들의 만류를 무릅쓰고 결혼을 하고 아이를 낳아 생활한다. 하지만 곧 돌아오겠다는 말을 남기고 미국으로 돌아간 핑커톤은 초초상을 잊고 다른 여인과 다시 결혼을 한다. 초초상은 그런 사실을 모른 채 온갖 시련 속에서 아들과 함께 핑커톤이 돌아오기만을 기다린다. 그리고 3년 후, 핑커톤은 미국인 아내 케이트와 나가사키로 돌아와 초초상의 아들을 데려가겠다고 하고, 이에 절망한 초초상은 스스로 목숨을 끊는다.

[작품소개]
메트 라이브 HD에서 처음으로 크리스틴 오폴라이스가 관객의 가슴을 저미는 마담 버터플라이 역을 맡았다. 비평가들의 찬사를 받은 앤서니 밍겔라의 2006년 프로덕션이다. 로베르토 알라냐가 버터플라이의 사랑의 꿈을 짓밟는 무심한 핑커톤 역을 연기한다. 카렐 마크 시숑이 지휘를 맡았고, 마리아 지프차크가 하녀 스즈키 역, 드웨인 크로프트가 샤플레스 영사 역을 노래한다.

수입/배급 (주)인스터글로벌",2844,https://img.megabox.co.kr/SharedImg/2021/09/01/1DHIcFlGG8EvRpil4CPwtoFTM95W3X85_420.jpg,https://movie-phinf.pstatic.net/20111223_110/1324651731335ogg8o_JPEG/movie_image.jpg?type=m665_443_2,https://movie-phinf.pstatic.net/20111223_238/1324651732568YK8xi_JPEG/movie_image.jpg?type=m665_443_2,https://movie-phinf.pstatic.net/20121211_228/1355191182006f7L58_JPEG/movie_image.jpg?type=m665_443_2,,"강남,강남대로(씨티),강동,군자,홍대,신촌,선릉,역삼"
"공포,범죄,스릴러",샤오데,"테드, 샤를",사운드 오브 데스,Sound of Violence,2021.09.09,2021.12.08,2D,94,6.2,19,"<h1>“너도 내 음악이 되어줘”</h1>
실험적인 음악과 소리를 연구하는 알렉시스.
폭력의 소리를 수집하는 그녀는 끊임없이 목마름을 느낀다.
어느 날, 행인의 우연한 죽음을 목격한 그녀,
죽음의 소리만이 자신의 쾌감을 채울 수 있다는 것을 알게 된 그녀는
이후 죽음의 음악을 만들기 위한 살육을 시작한다.
노숙자, 레코드 샵 오너, 하프 연주자…
알렉시스는 죽음의 비트를 찍어 나가는데…",1711,https://img.megabox.co.kr/SharedImg/2021/08/23/wmgNfrB4PCDY60wkuy3qEBqqCHPmFiDA_420.jpg,https://movie-phinf.pstatic.net/20210827_56/1630030311401KMfAz_JPEG/movie_image.jpg?type=m665_443_2,https://movie-phinf.pstatic.net/20210827_230/1630030393203RsfnL_JPEG/movie_image.jpg?type=m665_443_2,https://movie-phinf.pstatic.net/20210827_230/1630030393203RsfnL_JPEG/movie_image.jpg?type=m665_443_2,,"강남,강남대로(씨티),강동,군자,홍대,신촌,선릉,역삼"
"SF,드라마",황천인,"가가연, 허광환, 시백우",상견니 대만판 13화,Someday or One Day,2021.09.08,2021.12.07,2D,72,9.5,12,"세상을 떠난 남자친구 ‘왕취안성’을 잊지 못한 주인공 ‘황위쉬안’이 운명처럼 1998년으로 타임슬립해
그와 똑닮은 남학생 ‘리쯔웨이’를 만나 벌어지는 아시아 메가 히트 타임슬립 로맨스",2214,https://img.megabox.co.kr/SharedImg/2021/09/02/Dh8mxE6ACihgTxAViMjtf9t3KtnfOtXq_420.jpg,https://movie-phinf.pstatic.net/20210820_167/1629445588885CHrps_JPEG/movie_image.jpg?type=m665_443_2,https://movie-phinf.pstatic.net/20210826_29/1629938325314Pwjk6_JPEG/movie_image.jpg?type=m665_443_2,https://movie-phinf.pstatic.net/20210802_234/1627866937119jESrr_JPEG/movie_image.jpg?type=m665_443_2,,"강남,강남대로(씨티),강동,군자,홍대,신촌,선릉,역삼"
드라마,김지훈,"차승원,김성균,이광수,김혜준",싱크홀,Sinkhole,2021.08.11,2021.11.10,2D,114,8.3,12,"<h1>사.상.초.유! 도심 속 초대형 재난 발생!</h1>

서울 입성과 함께 내 집 마련의 꿈을 이룬 가장 ‘동원(김성균)’
이사 첫날부터 프로 참견러 ‘만수’(차승원)와 사사건건 부딪힌다.

‘동원’은 자가취득을 기념하며 직장 동료들을 집들이에 초대하지만
행복한 단꿈도 잠시, 순식간에 빌라 전체가 땅 속으로 떨어지고 만다.

마주치기만 하면 투닥거리는 빌라 주민 ‘만수’와 ‘동원’
‘동원’의 집들이에 왔던 ‘김대리’(이광수)와 인턴사원 ‘은주’(김혜준)까지!
지하 500m 싱크홀 속으로 떨어진 이들은 과연 무사히 빠져나갈 수 있을까?

“한 500m 정도는 떨어진 것 같아”
“우리… 나갈 수 있을까요?”
",2174164,https://img.megabox.co.kr/SharedImg/2021/07/27/eyiqQFRhMLR6eP12dffkJ68cp7NlBLAP_420.jpg,https://movie-phinf.pstatic.net/20210628_87/1624846584452Aqqhj_JPEG/movie_image.jpg?type=m665_443_2,https://movie-phinf.pstatic.net/20210628_285/1624846647124Y0m3X_JPEG/movie_image.jpg?type=m665_443_2,https://movie-phinf.pstatic.net/20210628_253/1624846677014zaqEz_JPEG/movie_image.jpg?type=m665_443_2,,"강남,강남대로(씨티),강동,군자,홍대,신촌,선릉,역삼"
"드라마,로맨스",왕가위,"장국영,장만옥,유덕화",아비정전,Days Of Being Wild,2021.02.24,2021.05.23,2D,95,8.7,15,"“1분이 쉽게 지날 줄 알았는데 영원할 수도 있더군요. 그는 1분을 가리키면서 영원히 날 기억할 거라고 했어요...” 자유를 갈망하는 바람둥이 ‘아비’는 매일 오후 3시가 되면 매표소에서 일하는 ‘수리진’을 찾아간다. 그는 그녀에게 이 순간을 영원처럼 기억하게 될 거라는 말을 남기며 그녀의 마음을 흔든다. 결국 ‘수리진’은 ‘아비’를 사랑하게 되고 그와 결혼하길 원하지만, 구속 당하는 것을 싫어하는 ‘아비’는 그녀와의 결혼을 원치 않는다. ‘수리진’은 결혼을 거절하는 냉정한 그를 떠난다. 그녀와 헤어진 ‘아비’는 댄서인 ‘루루’와 또 다른 사랑을 이어간다. 하지만 이들의 관계도 역시 오래 가지는 못한다. ‘루루’에게 일방적인 이별을 통보한 ‘아비’는 친어머니를 찾아 필리핀으로 떠나게 된다. 한편, 그와의 1분을 잊지 못한 ‘수리진’은 ‘아비’를 기다리는데…",29642,https://img.megabox.co.kr/SharedImg/asis/system/mop/poster/2017/E1/A79475-4946-4708-BD14-3D858D73ED98.large.jpg,https://movie-phinf.pstatic.net/20170330_202/1490840267537sV3q3_JPEG/movie_image.jpg?type=m665_443_2,https://movie-phinf.pstatic.net/20111223_287/1324651820127kwWm3_JPEG/movie_image.jpg?type=m665_443_2,https://movie-phinf.pstatic.net/20111223_44/13246518216372dX5B_JPEG/movie_image.jpg?type=m665_443_2,,"강남,강남대로(씨티),강동,군자,홍대,신촌,선릉,역삼"
"SF,로맨스,코미디",마리아 슈라더,"마렌 에거트,댄 스티븐스,산드라 휠러",아임 유어 맨,I’m Your Man,2021.09.16,2021.12.15,2D,108,0,15,"<h1>“난 당신의 행복을 위해 설계되었어요”</h1>

페르가몬 박물관의 고고학자 ‘알마’는 연구비 마련을 위해
완벽한 배우자를 대체할 휴머노이드 로봇을 테스트하는 실험에 참여하게 된다.

그렇게 오직 ‘알마’만을 위해 뛰어난 알고리즘으로 프로그래밍된 맞춤형 로맨스 파트너 ‘톰’과
3주간의 특별한 동거를 시작하게 되는데…
",441,https://img.megabox.co.kr/SharedImg/2021/08/18/fIxIwPNsCtUy3PL5dJJWP9Y8pbRPmpBL_420.jpg,https://movie-phinf.pstatic.net/20210222_67/1613960150389WIw3m_JPEG/movie_image.jpg?type=m665_443_2,https://movie-phinf.pstatic.net/20210222_206/16139601796172ao4E_JPEG/movie_image.jpg?type=m665_443_2,https://movie-phinf.pstatic.net/20210817_121/1629177115583myNzD_JPEG/movie_image.jpg?type=m665_443_2,,"강남,강남대로(씨티),강동,군자,홍대,신촌,선릉,역삼"
다큐멘터리,박강아름,"박강아름,정보리강,슈슈",박강아름 결혼하다,Areum Married,2021.08.19,2021.11.18,2D,86,8.8,0,"<h1>“일도 사랑도 다 가지고 싶어!” 의욕 충만 아름</h1>
“아름이 하고 싶은 거 다 해!” 사랑 하나만 믿고 떠난 로맨티스트 성만
오직 의욕과 사랑만 가지고 프랑스로 떠나다!
그들이 마주한 현실은 학업, 생활비, 육아, 가사 노동…
우리는 왜 결혼했을까?
결혼, 도대체 뭘까?

에펠탑 아래에서 시작된 아름♥성만의 좌충우돌 결혼살이 START!",3218,https://img.megabox.co.kr/SharedImg/2021/08/03/oZK6hmOiscgUqHzqRrOZvRcEj98UrJE0_420.jpg,https://movie-phinf.pstatic.net/20210715_271/1626313946239qtH7z_JPEG/movie_image.jpg?type=m665_443_2,https://movie-phinf.pstatic.net/20210715_230/1626313985074j9DQC_JPEG/movie_image.jpg?type=m665_443_2,https://movie-phinf.pstatic.net/20210715_89/1626313997465W0HNw_JPEG/movie_image.jpg?type=m665_443_2,,"강남,강남대로(씨티),강동,군자,홍대,신촌,선릉,역삼"
공연,필립 슈톨츨,"블라디미르 스토야노프,스테판 코스텔로",[필름오페라 앙코르] 리골레토,Rigoletto,2021.08.18,2021.11.17,2D,122,9.7,12,"<h1>[상영 정보]</h1>
- 상영 지점 : 코엑스, 센트럴, 목동, 킨텍스, 분당, 성수
- 러닝 타임 : 122분 * 인터미션 없음
- 상영 일정 : 2021년 8월 18일(수) ~ 2021년 9월 29일(수) / 수 19:00 (목동, 킨텍스, 센트럴 14:00), 일 14:00 상영
*8/22(일)은 '2021 잘츠부르크 페스티벌' 라이브 중계 관계로 상영이 없습니다.
- 티켓 가격 : 일반 25,000원, 청소년/우대 20,000원
*티켓 가격은 상영관 타입에 따라 상이할 수 있습니다.
*거리두기 단계에 따라 평일 저녁 상영 시간은 조정될 수 있습니다.

[시놉시스]
만토바 공작 궁정의 화려한 살롱, 만토바 공작은 궁정귀족의 부인이나 딸을 농락하는 것을 즐기는 호색한으로 궁정광대 리골레토에게 아름다운 딸 질다가 있다는 것을 알고 신분을 속인 채 그녀를 유혹한다. 유혹에 넘어간 질다는 만토바 공작을 사랑하게 되고 자신의 딸이 공작에게 농락당했다는 사실에 분노한 리골레토는 자객을 시켜 공작을 죽이려 한다. 그러나 공작을 진심으로 사랑하게 된 질다는 공작을 대신하여 죽게 되고, 딸의 죽음을 알게 된 리골레토는 절규한다.

[작품소개]
세계적인 오페라 연출가 장-피에르 폰넬의 1982년 고전 명작이다. 오페라계 ‘연출의 시대’를 열었다고 평가 받는 그는 원작자의 의도에서 자유롭게 순수예술적인 관점에서 연출하는 것으로 유명하다. ‘리골레토’는 베르디 중기 3대 걸작 중에서도 인간 내면을 깊이 있게 다룬 명작으로 손꼽힌다. 만토바 공작의 ‘여자의 마음’은 따라 부르기 쉬운 멜로디로 여전히 큰 인기를 누리고 있다.
테너의 최고 음역대로 알려진 3옥타브 도 즉, ‘하이C의 제왕’이라 불리는 루치아노 파바로티의 타이틀에 걸맞은 안정적이고도 특유의 맑고 깨끗한 고음과 함께 전성기 시절 모습을 대형 스크린과 5.1 오디오로 즐길 수 있다. 비운의 여주인공 질다 역은 당대 최고의 콜로라투라 소프라노, 에디타 그루베로바가 맡아 화려한 기교로 장식된 선율을 들려준다.

수입/배급 케빈앤컴퍼니",2039,https://img.megabox.co.kr/SharedImg/2021/07/27/j7GvjTPRAAPYN6PfSFVHHzQSQa7C0msN_420.jpg,https://movie-phinf.pstatic.net/20200313_224/1584078181580uuAoJ_JPEG/movie_image.jpg?type=m665_443_2,https://movie-phinf.pstatic.net/20200313_36/1584077899259sgIfi_JPEG/movie_image.jpg?type=m665_443_2,https://movie-phinf.pstatic.net/20200313_137/15840778985575hjef_JPEG/movie_image.jpg?type=m665_443_2,,"강남,강남대로(씨티),강동,군자,홍대,신촌,선릉,역삼"
드라마,첸 카이거,"공리,장풍의,장국영",패왕별희 디 오리지널,Farewell My Concubine,2021.03.31,2021.06.30,2D,171,9.6,15,"<h1>어렸을 때부터 함께 경극을 해온 ‘두지’(장국영)와 ‘시투’(장풍의)</h1>
세상에 둘도 없는 절친한 아우와 형이지만,
‘두지’는 남몰래 ‘시투’에 대한 마음을 품고 있다.

하지만 ‘시투’는 여인 ‘주샨’(공리)에 마음을 빼앗기고,
그로 인해 ‘두지’는 감정의 소용돌이에 빠지게 되는데…

사랑과 운명, 아름다움을 뒤바꾼 화려한 막이 열린다!
",111080,https://img.megabox.co.kr/SharedImg/2021/03/24/9rNkLXZrl8ZnQsKFjy9ddOkK553ISin4_420.jpg,https://movie-phinf.pstatic.net/20200219_37/1582088562939TEkTs_JPEG/movie_image.jpg?type=m665_443_2,https://movie-phinf.pstatic.net/20200219_158/1582088563479foTBx_JPEG/movie_image.jpg?type=m665_443_2,https://movie-phinf.pstatic.net/20170214_279/1487035510681BVLGs_PNG/movie_image.jpg?type=m665_443_2,,"강남,강남대로(씨티),강동,군자,홍대,신촌,선릉,역삼"
"SF,액션,어드벤처",케이트 쇼트랜드,"스칼렛 요한슨,플로렌스 퓨,레이첼 와이즈",블랙 위도우,Black Widow,2021.07.07,2021.10.06,2D,134,9.2,12,"<h1>""모든 것을 바꾼 그녀의 선택”</h1>
어벤져스의 운명을 바꾼 블랙 위도우, 그녀의 진짜 이야기가 시작된다!

어벤져스의 히어로 블랙 위도우, ‘나타샤 로마노프’ (스칼렛 요한슨)는
자신의 과거와 연결된 레드룸의 거대한 음모와 실체를 깨닫게 된다.

상대의 능력을 복제하는 빌런 ‘태스크마스터’와 새로운 위도우들의 위협에 맞서
목숨을 건 반격을 시작하는 ‘나타샤’는 스파이로 활약했던 자신의 과거 뿐 아니라,
어벤져스가 되기 전 함께했던 동료들을 마주해야만 하는데…

폭발하는 리얼 액션 카타르시스!
7월, MCU의 새로운 시대를 시작할 첫 액션 블록버스터를 만끽하라!
",2961260,https://img.megabox.co.kr/SharedImg/2021/06/17/gD32uTBzzyhwn3jfo0Dreen21yOreg1G_420.jpg,https://movie-phinf.pstatic.net/20210610_46/1623290158398NlFJW_JPEG/movie_image.jpg?type=m665_443_2,https://movie-phinf.pstatic.net/20210610_1/1623290232516D1DJD_JPEG/movie_image.jpg?type=m665_443_2,https://movie-phinf.pstatic.net/20210618_55/1623979187354i0gIC_JPEG/movie_image.jpg?type=m665_443_2,,"강남,강남대로(씨티),강동,군자,홍대,신촌,선릉,역삼"
"드라마,어드벤처,판타지",데이빗 로워리,"데브 파텔,알리시아 비칸데르",그린 나이트,The Green Knight,2021.08.05,2021.11.04,2D,130,7.6,15,"<h1>“녹색 기사의 목을 잘라 명예를 지켜라”</h1>

크리스마스 이브, 아서왕과 원탁의 기사들 앞에 나타난 녹색 기사,
“가장 용맹한 자, 나의 목을 내리치면 명예와 재물을 주겠다”고 제안한다.
단, 1년 후 녹색 예배당에 찾아와 똑같이 자신의 도끼날을 받는다는 조건으로.

아서왕의 조카 가웨인이 도전에 응하고
마침내 1년 후, 5가지 고난의 관문을 거치는 여정을 시작하는데...
전설이 될 새로운 모험, 너의 목에 명예를 걸어라!",26296,https://img.megabox.co.kr/SharedImg/2021/07/29/mhZYfJ24h31ROOgTCs4WgNSa3hYHYIAc_420.jpg,https://movie-phinf.pstatic.net/20210706_196/16255351801640Qwt5_JPEG/movie_image.jpg?type=m665_443_2,https://movie-phinf.pstatic.net/20210719_291/16266695142998cakT_JPEG/movie_image.jpg?type=m665_443_2,https://movie-phinf.pstatic.net/20210722_180/1626915874406UI4gR_JPEG/movie_image.jpg?type=m665_443_2,,"강남,강남대로(씨티),강동,군자,홍대,신촌,선릉,역삼"
애니메이션,타무라 코타로,"나카가와 타이시,키요하라 카야","조제, 호랑이 그리고 물고기들","Josee, The Tiger And The Fish",2021.09.09,2021.12.08,2D,98,8.7,12,"<h1>“바다가 보고 싶었어”</h1>

세상과 단절된 채 살아가던 조제,
지구 반대편의 세상을 꿈꾸며 살아가는 츠네오.
운명처럼 만난 두 사람은 같은 바다를 꿈꾸게 된다.",25458,https://img.megabox.co.kr/SharedImg/2021/08/31/F3I4MLwtiJO0tUR2pEbnMToGQFWnLVe0_420.jpg,https://movie-phinf.pstatic.net/20210305_226/16149114836936LInT_JPEG/movie_image.jpg?type=m665_443_2,https://movie-phinf.pstatic.net/20210305_172/1614911534828DJogX_JPEG/movie_image.jpg?type=m665_443_2,https://movie-phinf.pstatic.net/20210823_179/16296812626032ugJ5_PNG/movie_image.jpg?type=m665_443_2,,"강남,강남대로(씨티),강동,군자,홍대,신촌,선릉,역삼"
드라마,인뤄신,"정자풍,주원원",내가 날 부를 때,Sister,2021.09.09,2021.12.08,2D,127,8.8,12,"<h1>꿈을 이루기 위해 홀로 돈을 벌고 공부하며 고군분투하던 ‘안란’.</h1>
어느 날, 간절히 바라던 대학원 진학을 앞두고 갑작스러운 교통사고로 부모님이 돌아가시자
몇 번 본 적도 없는 어린 남동생이 안란에게 덜컥 맡겨진다.
동생을 키우려면 모든 것을 포기해야 하는데
누나의 희생은 당연하다고 말하는 어른들.

“내 인생에는 너만 있는 게 아냐.
나에게도 우주가 있어”",3894,https://img.megabox.co.kr/SharedImg/2021/09/09/yOmEcBf7r6Sxt6OcKIB0LmFUHFUiA44p_420.jpg,https://movie-phinf.pstatic.net/20210818_298/1629250618236F5Izv_JPEG/movie_image.jpg?type=m665_443_2,https://movie-phinf.pstatic.net/20210818_135/1629251099344b1HsI_JPEG/movie_image.jpg?type=m665_443_2,https://movie-phinf.pstatic.net/20210818_160/1629251138071P5IIP_JPEG/movie_image.jpg?type=m665_443_2,,"강남,강남대로(씨티),강동,군자,홍대,신촌,선릉,역삼"
드라마,키릴 세레브렌니코프,"유태오,로만 빌릭",레토,Summer,2019.01.03,2019.04.02,2D,128,8.9,15,"<h1>MUSIC ★ LOVE ★ YOUTH</h1>
우리가 사랑한 모든 것

1981, 레닌그라드
자신만의 음악을 하고 싶은 자유로운 뮤지션 ‘빅토르 최’
금기의 록음악을 열망하는 열정적인 록스타 ‘마이크’
그리고 그의 매력적인 뮤즈 ‘나타샤’
음악이 있어 빛나고, 사랑이 있어 아름답고, 젊음이 있어 찬란한
그들의 끝나지 않을 여름이 시작된다
",23050,https://img.megabox.co.kr/SharedImg/asis/system/mop/poster/2018/FB/2BAA70-3391-4FB0-A22C-F4476AA2BADB.large.jpg,https://movie-phinf.pstatic.net/20180628_134/1530165971625T76h8_JPEG/movie_image.jpg?type=m665_443_2,https://movie-phinf.pstatic.net/20181205_155/15439737120050BM0G_JPEG/movie_image.jpg?type=m665_443_2,https://movie-phinf.pstatic.net/20181205_206/1543973713314hD0Eg_JPEG/movie_image.jpg?type=m665_443_2,,"강남,강남대로(씨티),강동,군자,홍대,신촌,선릉,역삼"
드라마,이우정,"방민아,심달기,한성민",최선의 삶,SNOWBALL,2021.09.01,2021.11.30,2D,109,8.4,15,"<h1>그때는 몰랐다 그게 우리의 최선이었다</h1>

열여덟 ‘강이’, ‘아람’, ‘소영’.
더 나아지기 위해서 기꺼이 더 나빠졌던 우리의
이상했고 무서웠고 좋아했던 그 시절의 드라마

최선의 삶",8370,https://img.megabox.co.kr/SharedImg/2021/08/11/eLq9KAe318dmHqTbhwQ29QRvRXGpr3Uf_420.jpg,https://movie-phinf.pstatic.net/20210803_77/1627953670181BTOBP_JPEG/movie_image.jpg?type=m665_443_2,https://movie-phinf.pstatic.net/20210803_228/16279538644367ndSm_JPEG/movie_image.jpg?type=m665_443_2,https://movie-phinf.pstatic.net/20201012_121/1602465349523O64yE_JPEG/movie_image.jpg?type=m665_443_2,,"강남,강남대로(씨티),강동,군자,홍대,신촌,선릉,역삼"
애니메이션,미야와키 치즈루,"스기타 토모카즈,사카구치 다이스케",은혼 더 파이널,Gintama: The Final,2021.07.22,2021.10.21,2D,104,9.5,15,"<h1>사무라이의 영혼을 건, 최후의 난리법석이 시작된다!</h1>

해결사 긴토키 일행이 뿔뿔이 흩어진 지 2년 후,
지구 멸망을 향한 카운트다운이 시작된다.
부활한 ‘우츠로’를 막기 위해
긴토키 3인방과 예전의 동료들, 라이벌들까지 모두 합세하는데.
모두의 운명을 건 최후의 결전!

복근과 눈물샘을 파괴하는 美친 연출!
SF판타지 대환장 블록버스터
은혼, 그 마지막 이야기",35034,https://img.megabox.co.kr/SharedImg/2021/07/05/Rpp7nHvo1bnzz84tdTn0WtG2N2qShJiR_420.jpg,https://movie-phinf.pstatic.net/20210621_296/1624237888549GxKFX_JPEG/movie_image.jpg?type=m665_443_2,https://movie-phinf.pstatic.net/20210621_205/1624237943351LCFnQ_JPEG/movie_image.jpg?type=m665_443_2,https://movie-phinf.pstatic.net/20210621_86/1624238021281wguLI_JPEG/movie_image.jpg?type=m665_443_2,,"강남,강남대로(씨티),강동,군자,홍대,신촌,선릉,역삼"
애니메이션,오오하시 아키요,"무라타 타이시,심규혁(성우)",해변의 에트랑제,L’ETRANGER DU PLAGE,2021.09.09,2021.12.08,2D,59,8.8,15,"<h1>다르지 않아, 우린 그저 사랑하고 있을 뿐.</h1>
그 바다, 네가 파도처럼 밀려왔다

오키나와 외딴섬, 해변 벤치에 혼자 멈춰있는 소년 ‘미오’.
그런 미오가 몹시 신경 쓰이는 소설가 지망생 ‘슌’.
우연한 계기로 가까워졌다 생각한 순간, 미오가 돌연 섬을 떠난다.
그리고 3년 후, 그토록 그리워하던 서로를 다시 만난 둘은
이제 마음을 알아가며 서툴지만 따뜻한 사랑을 시작하는데…
",5778,https://img.megabox.co.kr/SharedImg/2021/01/25/dd9e2Z3oYfQLVER7qBvpnBBAG3JOZ81j_420.jpg,https://movie-phinf.pstatic.net/20210120_278/1611107421114hqcRu_JPEG/movie_image.jpg?type=m665_443_2,https://movie-phinf.pstatic.net/20210120_241/1611107422125kf3JG_JPEG/movie_image.jpg?type=m665_443_2,https://movie-phinf.pstatic.net/20210120_43/1611107422801KLGoq_JPEG/movie_image.jpg?type=m665_443_2,,"강남,강남대로(씨티),강동,군자,홍대,신촌,선릉,역삼"
"SF,드라마,로맨스",황천인,"가가연, 허광환, 시백우",상견니 대만판 12화,Someday or One Day,2021.08.31,2021.11.30,2D,72,8.9,12,"세상을 떠난 남자친구 ‘왕취안성’을 잊지 못한 주인공 ‘황위쉬안’이 운명처럼 1998년으로
타임슬립해 그와 똑닮은 남학생 ‘리쯔웨이’를 만나 벌어지는 아시아 메가 히트 타임슬립 로맨스",6252,https://img.megabox.co.kr/SharedImg/2021/08/19/O2utFZPO9E5F1CcBNNWnwnFTCmmGL8Tq_420.jpg,https://movie-phinf.pstatic.net/20210826_29/1629938325314Pwjk6_JPEG/movie_image.jpg?type=m665_443_2,https://movie-phinf.pstatic.net/20210820_74/16294456047867pWnO_JPEG/movie_image.jpg?type=m665_443_2,https://movie-phinf.pstatic.net/20130218_243/1361169701276AQmTu_JPEG/movie_image.jpg?type=m665_443_2,,"강남,강남대로(씨티),강동,군자,홍대,신촌,선릉,역삼"
드라마,키티 그린,"줄리아 가너, 매튜 맥퍼딘",어시스턴트,"The Assistant

",2021.09.16,2021.12.15,2D,87,0,12,"<h1>당신과 우리 모두의 하루</h1>
지금 당신은, 괜찮은가요?

꿈에 그리던 영화사에서
보조 직원으로 일하게 된 ‘제인’

어떤 일도 능숙하게 처리하는
그녀의 일상은 평범해 보이지만,

사소한 사무실 정리부터 상사의 개인적인 스케줄 관리까지
하루 종일 몰아치는 잡다한 업무에 지쳐간다.

그러한 일상이 반복되던 중
어느 날, 신입사원으로 채용된 한 여성이 찾아오면서
회사 내 부조리함을 마주하게 되는데…
",0,https://img.megabox.co.kr/SharedImg/2021/07/27/xMOeS9VhXniEgzvgaVWPSOrNzUB1xsME_420.jpg,https://movie-phinf.pstatic.net/20210810_50/1628567661987dGKKt_JPEG/movie_image.jpg?type=m665_443_2,https://movie-phinf.pstatic.net/20210810_206/1628567858776bKto0_JPEG/movie_image.jpg?type=m665_443_2,https://movie-phinf.pstatic.net/20210810_186/1628567922368XYYdA_JPEG/movie_image.jpg?type=m665_443_2,,"강남,강남대로(씨티),강동,군자,홍대,신촌,선릉,역삼"
드라마,오즈 야스지로,"류 치슈,히가시야마 치에코",동경 이야기 ,Tokyo Story,2021.03.12,2021.06.11,2D,136,9.6,0,"<h1>2차 세계대전 후.</h1>
결혼하여 도쿄에 살고 있는 자식들을 만나기 위해 노부부가 상경한다.
의사 장남과 미용실을 운영하는 둘째 딸은 곧 부모님의 방문을 부담스러워하고
바쁜 일상을 핑계로 소홀히 대한다.
전쟁 중 남편을 잃은 며느리 노리코만이 노부부를 극진히 모시는데…",1829,https://movie-phinf.pstatic.net/20140807_285/1407396855353S63rj_JPEG/movie_image.jpg,https://movie-phinf.pstatic.net/20140808_161/1407465554255phCw7_JPEG/movie_image.jpg?type=m665_443_2,https://movie-phinf.pstatic.net/20140808_10/1407465570835EAiKA_JPEG/movie_image.jpg?type=m665_443_2,https://movie-phinf.pstatic.net/20140808_219/1407465641623ryw95_JPEG/movie_image.jpg?type=m665_443_2,,"강남,강남대로(씨티),강동,군자,홍대,신촌,선릉,역삼"
드라마,오즈 야스지로,"쿠가 요시코,사다 케이지",안녕하세요,Good Morning,2021.03.12,2021.06.11,2D,94,9.4,0,<h1>미노루와 이사무 형제는 이웃집에 이사 온 젊은 부부의 집에 TV가 있는 것을 보고 부러워한다. </h1>이에 TV를 사달라는 뜻에서 부모님에게 말을 하지 않으며 무언의 시위를 벌인다. 형제의 부모는 아이들에게 헛된 바람을 들게 한 젊은 부부가 맘에 들지 않는다. 아이들이 이웃들에게도 말을 하지 않자 주민들은 혹시나 부모가 시킨 것은 아닐까 오해하게 된다.,958,https://movie-phinf.pstatic.net/20111222_172/1324530884035Ih8ci_JPEG/movie_image.jpg,https://movie-phinf.pstatic.net/20121113_120/1352790895590I8pEk_JPEG/movie_image.jpg?type=m427_320_2,https://movie-phinf.pstatic.net/20140507_66/1399443358270SVjO2_JPEG/movie_image.jpg?type=m665_443_2,https://movie-phinf.pstatic.net/20140507_290/1399443358385P5ib1_JPEG/movie_image.jpg?type=m665_443_2,,"강남,강남대로(씨티),강동,군자,홍대,신촌,선릉,역삼"
드라마,자비에 돌란,"수잔 클레망,안토니-올리버 피론,앤 도벌",마미,Mommy,2014.12.18,2015.03.17,2D,138,0,15,"<h1>“엄마 우리 여전히 사랑하지?”</h1>
“우리가 제일 잘하는 게 사랑이잖아.”

불 같은 성격이지만 유쾌하고 당당한 엄마 '디안'은 거칠지만 사랑스러운 사고뭉치 아들 '스티브'가 보호시설에서 사고를 쳐 쫓겨나자 홈스쿨링을 시작한다. 엄마가 행복하다면 무엇이든 할 수 있는 아들 스티브와 함께 행복한 생활을 꿈꾸는 디안. 하지만 홀로 생계를 책임지며 불안정한 성격의 스티브를 돌보기란 쉽지 않다. 이때 이들 앞에 나타난 이웃집 여인 '카일라'. 카일라의 등장으로 세 사람은 유일하게 서로에게 의지하며 지금까지 느껴보지 못한 작은 행복을 찾아가게 된다. 그러던 어느 날, 디안 앞으로 한 장의 편지가 날아오는데…….

억척스럽지만 정 많고 속 깊은 엄마 '디안'
세상에서 엄마를 가장 사랑하는 유별난 사고뭉치 아들 '스티브’
그리고 그들 앞에 나타난 누구보다 따뜻한 그녀 ‘카일라’.

결핍으로 가득 찬 세 사람이 만나 하나의 소우주를 구성할 때,
그들의 세상은 비로소 시작된다.
",61076,https://img.megabox.co.kr/SharedImg/2020/10/15/a8XDJi8yYhHAUKE4nbtQUsOQpg4gEcwr_420.jpg,https://movie-phinf.pstatic.net/20141201_221/1417398054484CDGRg_JPEG/movie_image.jpg?type=m427_320_2,https://movie-phinf.pstatic.net/20141201_264/1417398054855KUT9O_JPEG/movie_image.jpg?type=m427_320_2,https://movie-phinf.pstatic.net/20141201_241/1417398055198s47lV_JPEG/movie_image.jpg?type=m427_320_2,,"강남,강남대로(씨티),강동,군자,홍대,신촌,선릉,역삼"
다큐멘터리 ,이승희 ,니키,니키리라고도 알려진,a.k.a Nikki Lee,2021.06.30,2021.09.29,2D,58,9,15,"<h1>‘프로젝트(Projects)’, ‘파츠(Parts)’ 시리즈의 주인공, 사진 작가 ‘니키 투(Nikki Two)’.</h1>
 그리고 그녀의 정체성을 파헤치고자 하는 ‘진짜’ 니키, ‘니키 원(Nikki One)’.
 ‘니키 원(Nikki One)’은 자신의 다큐멘터리 속 등장하는 ‘니키 투(Nikki Two)’가 허구이고,
 자신이 ‘진짜’ 니키 리라고 말한다.
 하지만, 어느 니키가 진짜 니키일까?
 
 당신이 알고 싶었던 ‘니키 리’의 모든 것!",1582,https://img.megabox.co.kr/SharedImg/2021/06/23/t8lSbKRq9kOPyvFmjjZ45q8sknf1gwNH_420.jpg,https://movie-phinf.pstatic.net/20140729_59/1406611029028YP9LO_JPEG/movie_image.jpg?type=m427_320_2,https://movie-phinf.pstatic.net/20140729_151/1406611029327JYWyf_JPEG/movie_image.jpg?type=m427_320_2,https://movie-phinf.pstatic.net/20140729_185/1406611029587Nu78x_JPEG/movie_image.jpg?type=m427_320_2,,"강남,강남대로(씨티),강동,군자,홍대,신촌,선릉,역삼"
"코미디,드라마,공포",올리버 밀번,"오스카 케네디, 알렉스 맥퀸, 리암 로 페르난데즈,재스민 블랙보로우",스쿨 아웃 포에버,School's Out Forever,2021.09.27,2021.12.26,2D,105,0,19,"<h1>최악의 팬데믹 발생!</h1>
전 세계 인구 95% 사망
오직 Rh-O형만 면역력 보유

X같은 세상이 진짜로 망해버렸다!

전염병과 난폭해진 사람들을 피해 학교에 모인 키건과 친구들
현실 생존에선 그동안 배운 것은 모두 무쓸모!
지금부터 실전이다! 본능대로 살아남아라!
",224,https://img.megabox.co.kr/SharedImg/2021/08/31/hL5oln7T9PhyoGNTN2I3TKy2eSOqHWME_420.jpg,https://img.megabox.co.kr/SharedImg/2021/08/23/LitCIiXzD8N16dsxubOT0Ynjyv8DdWLR_380.jpg,https://img.megabox.co.kr/SharedImg/2021/08/23/fBFPfoFamApKoYTjzvOhVRBZo9VpHnLI_380.jpg,https://www.megabox.co.kr/movie-detail/trailer?rpstMovieNo=21057500#,,"강남,강남대로(씨티),강동,군자,홍대,신촌,선릉,역삼"
애니메이션,왕운비,"최승훈, 윤세웅,서저익,박주광,장병관",서유기:재세요왕,Monkey King Reborn,2021.09.30,2021.12.29,2D,94,0,0,"<h1>올여름, 요괴의 왕이 깨어난다.</h1>
혼란에 빠진 세상을 구하라!

삼장법사에 의해 오행산 기슭에서 구출된
‘손오공’은 과오를 뉘우치고 경전을 배우기 위해 서역으로 길을 떠난다.

긴 여정의 길, 배고픔을 주체하지 못한 ‘손오공’과 친구들은
만년에 한 번씩 열린다는 인삼과 열매를 몰래 따먹게 되고

설상가상 신선수라 여기는 인삼과 나무를 파괴해 버리자
나무 아래 봉인되어 있던 요괴의 왕 ‘원체’가 깨어나고 만다.
세상은 혼란에 휩싸이고, 요괴들은 날뛰기 시작하는데...

‘손오공’, 전설에 맞서 세상을 구할 수 있을 것인가!",90,https://img.megabox.co.kr/SharedImg/2021/09/27/Bm9GOOwn1XP2rMcBMwJXmHjPZDdnPGkR_420.jpg,https://img.megabox.co.kr/SharedImg/2021/07/09/PPxy0ros6HKDM0BUfrnOoIH6xtd0fRko_380.jpg,https://img.megabox.co.kr/SharedImg/2021/07/09/9xks0XV3MMbcZ15x19q2thvIHPc76b0f_380.jpg,https://img.megabox.co.kr/SharedImg/2021/07/09/Iwbb78g2BymY79I8Zpu8ofLVWUM8FxZP_380.jpg,,"강남,강남대로(씨티),강동,군자,홍대,신촌,선릉,역삼"
"로맨스,코미디",알리체 필리피,"루도비카 프란체스코니,주세페 마조, 가야 마샬레, 요세프 지유라, 엘레오노라 가제로",나의 흑역사 로맨티카,Out of My League,2021.09.22,2021.12.21,2D,91,7.6,12,"<h1>언제 죽을지 몰라도 뜨거운 사랑은 하고 싶은 마르타.</h1>
데이트 앱을 켜 운명의 남자를 찾기 시작하는데
마음에 드는 사람이 어째 단 한 명도 없다!?

하지만 포기 직전의 마르타에게도 기적은 있었으니...
이 시대의 완벽남 아르투로가 눈앞에 나타났다!
첫눈에 사랑에 빠진 마르타는 아찔한 흑역사를 생성하고,
그 대가로 단 한 번의 저녁 식사 기회를 얻게 되는데...!

우리가 사랑에 빠질 확률 9.5%
마르타의 목숨을 건 작전은 성공할 수 있을까?",1950,https://img.megabox.co.kr/SharedImg/2021/09/13/HnDn0kbd40YUKf2WzxPAd26VW2DNltM8_420.jpg,https://img.megabox.co.kr/SharedImg/2021/09/24/qG6sFAoUKbBPMgzjMPgPWvTixAYjgNzr_380.jpg,https://img.megabox.co.kr/SharedImg/2021/09/09/CaFfauZaMCiyWPwaFPPtKzAMbdgyUmU2_380.jpg,https://www.megabox.co.kr/movie-detail/trailer?rpstMovieNo=21061500#,,"강남,강남대로(씨티),강동,군자,홍대,신촌,선릉,역삼"
"미스터리,서부극(웨스턴),스릴러","줄리아노 도르넬레스, 클레버 멘돈사 필로","우도 키에르, 소냐 브라가, 토마스 아퀴노",바쿠라우,Bacurau,2021.08.20,2021.11.19,2D,131,7.45,19,"<h1>미지의 땅 ‘바쿠라우’.</h1>
 마을 족장 카르멜리타의 장례식 후,
 이상한 일들이 벌어지기 시작한다.
 
 총격으로 구멍 뚫린 물 수송 차량,
 하늘에 나타난 정체불명의 비행 물체,
 마을 곳곳에서 시신까지 발견되며
 주민들은 혼란에 빠지는데…
 
 이곳에 절대 발 들이지 마라!",3750,https://img.megabox.co.kr/SharedImg/2021/08/25/7xVN28WmOyQvClwAuyifE3Sj8h6VOZeo_420.jpg,https://img.megabox.co.kr/SharedImg/2021/08/10/3kMIA5t0IOnJ8GyDuMMW7Jf8psF7shYa_380.jpg,https://img.megabox.co.kr/SharedImg/2021/08/10/Ulc3mIp2olTWll9ezVOa1jeJtJYKykgh_380.jpg,https://img.megabox.co.kr/SharedImg/2021/08/10/eFI8gYOQdUXj0urY9wlpQd7lAVUBDCfb_380.jpg,,"강남,강남대로(씨티),강동,군자,홍대,신촌,선릉,역삼"
"드라마,어드벤처,판타지",데이빗 로워리,"데브 파텔, 알리시아 비칸데르, 조엘 에저튼, 사리타 초우드리, 랄프 아인슨, 케이트 디키, 숀 해리스",그린 나이트,The Green Light,2021.08.25,2021.11.24,2D,130,7.6,15,"<h1>녹색 기사의 목을 잘라 명예를 지켜라</h1>

크리스마스 이브, 아서왕과 원탁의 기사들 앞에 나타난 녹색 기사,
“가장 용맹한 자, 나의 목을 내리치면 명예와 재물을 주겠다”고 제안한다.
단, 1년 후 녹색 예배당에 찾아와 똑같이 자신의 도끼날을 받는다는 조건으로.

아서왕의 조카 가웨인이 도전에 응하고
마침내 1년 후, 5가지 고난의 관문을 거치는 여정을 시작하는데...
전설이 될 새로운 모험, 너의 목에 명예를 걸어라!",26639,https://img.megabox.co.kr/SharedImg/2021/07/29/mhZYfJ24h31ROOgTCs4WgNSa3hYHYIAc_420.jpg,https://img.megabox.co.kr/SharedImg/2021/07/07/vAU1NSguU0Dr333GrVYHZaj9vKCp5tov_380.jpg,https://img.megabox.co.kr/SharedImg/2021/07/07/MdbPHCF0oP3ZxzF44Urqd2Hx2Extgqfy_380.jpg,https://img.megabox.co.kr/SharedImg/2021/07/19/IoqLj7PInOwmuV0IgmoRD9TsliBHX0ym_380.jpg,,"강남,강남대로(씨티),강동,군자,홍대,신촌,선릉,역삼"
다큐멘터리,테일러 노우드,"로빈 윌리엄스, 숀 레비, 수잔 슈나이더 윌리엄스",로빈의 소원,Robin's Wish,2021.09.23,2021.12.22,2D,77,8.6,0,"<h1> 2014년 8월 11일. 할리우드의 명배우이자 코미디언인 로빈 윌리엄스가
갑작스럽게 생을 마감했다.</h1>

특유의 익살스러운 연기로 관객을 울고 웃게 하며
꿈과 희망의 아이콘 같았던 배우였기에 전세계 영화 팬들은 충격이 더 컸다.

하지만 언론매체를 통해 알려진 무성한 소문과 다르게
그는 자신과의 싸움(?)을 하고 있었다.
그가 바라던 진짜 소원은 무엇이었는지
이제 그의 죽음에 둘러싸인 소문과 진실에 대한 그의 이야기가 밝혀진다!
",515,https://img.megabox.co.kr/SharedImg/2021/08/09/mlirP1sK314yNEBngssibAozCYAhjudC_420.jpg,https://img.megabox.co.kr/SharedImg/2021/08/03/43hQhbdFuE53JumVyXjCUtdVKXtejwFn_380.jpg,https://img.megabox.co.kr/SharedImg/2021/08/03/epYuj1WvQZVjxBpBL787AMDOjPcz35EC_380.jpg,https://img.megabox.co.kr/SharedImg/2021/08/03/BPgb84OHsRzXeTpShAfSNAjZXD1OYkGI_380.jpg,,"강남,강남대로(씨티),강동,군자,홍대,신촌,선릉,역삼"
드라마,"권민표, 서한솔",설시연,종착역 ,Short Vacation,2021.09.23,2021.12.21,2D,79,6.9,0,"<h1>사진 동아리 '빛나리'</h1> 부원인 시연, 연우, 소정, 송희는
'세상의 끝'을 찍어 오라는 방학 숙제를 하기 위해 지하철 1호선 신창역으로 향한다.
웃음이 끊이지 않던 친구들은 계획대로 잘 풀리지 않는 여정에 점점 지쳐가고,
낯선 곳에서 14살 첫 여름방학을 마주하게 된다.
",3221,https://img.megabox.co.kr/SharedImg/2021/09/01/FAsgUqEvqFNKApV0wkQrldBJoVd6crFS_420.jpg,https://img.megabox.co.kr/SharedImg/2021/09/09/Yhwhz4wAvpz8ylGgE9XRNVOD015tkMyg_380.jpg,https://img.megabox.co.kr/SharedImg/2021/09/09/Yhwhz4wAvpz8ylGgE9XRNVOD015tkMyg_380.jpg,https://img.megabox.co.kr/SharedImg/2021/08/24/9uZusihjAqawubuxw2Jwtz1GxjoL5msS_380.jpg,,"강남,강남대로(씨티),강동,군자,홍대,신촌,선릉,역삼"
액션,나봇 파푸샤도,"카렌 길런,레나 헤디,알젤라 바셋",건파우더 밀크셰이크,Gunpowder Milkshake,2021.09.08,2021.12.07,2D,115,7.3,19,"<h1>남다른 유전자와 조기교육으로 완성된</h1>
혈중 액션농도 100%! 영앤스트롱 킬러 ‘샘’
15년 전, 업계에서 홀연히 사라졌던 실패율 0% 킬러이자 ‘샘’의 엄마 ‘스칼렛’
폭발적 지성이 잠들어 있는 시크릿 에이전시, ‘도서관’의 ‘킬’사부일체 3인방!

그들의 운명을 찢어 놓은 놈들을 날려버릴
달콤하고 시원한 복수가 시작된다!",35600,https://img.megabox.co.kr/SharedImg/2021/08/10/ueqVSAHshibgi8u4q0xFK2hhxG6BFSQr_420.jpg,https://img.megabox.co.kr/SharedImg/2021/07/29/35lDSo23hByG6UjVUCokMecIyHiApAjR_380.jpg,https://img.megabox.co.kr/SharedImg/2021/08/18/8MgGbW4MRZ3CrU1Ev3AYw07OOI4PA9hn_380.jpg,https://img.megabox.co.kr/SharedImg/2021/08/18/DoWVgpewbtic7zRFfkArBNAJ19GsqM5D_380.jpg,,"강남,강남대로(씨티),강동,군자,홍대,신촌,선릉,역삼"
미스터리,정욱,"김태훈,이효제",좋은 사람,Good Person,2021.09.09,2021.12.08,2D,101,8.2,12,"<h1>고등학교 교사 ‘경석’(김태훈)의 반에서 지갑 도난 사건이 발생하고,</h1>
같은 반 학생이 ‘세익’(이효제)이 범인으로 지목된다.
‘경석’은 ‘세익’을 불러 어떤 말을 해도 믿을 테니 진실을 말하라고 하지만,
세익은 무조건 아니라며 억울함을 호소한다.
그날 밤, 학교에 데려왔던 ‘경석’의 딸 ‘윤희’가 교통사고를 당하게 되고
또 다시 ‘세익’이 범인으로 지목되는데…

의심하는 순간 모든 것이 흔들렸다
의심과 믿음 그 사이에 좋은 사람",10189,https://img.megabox.co.kr/SharedImg/2021/08/13/Gm4wU6yqYOmg9mWQf0LESLQft4tqnnJo_420.jpg,https://img.megabox.co.kr/SharedImg/2021/08/13/52uDME1ldLgTokZG4JeLjkJrQwMqELhk_380.jpg,https://img.megabox.co.kr/SharedImg/2021/09/14/9gux5SiJVxh6Qpa6FStcnJhuMW81Z5pT_380.jpg,https://img.megabox.co.kr/SharedImg/2021/08/23/2r6FoboJ9LBHuQPPdHPpMTTKUvupB3Tm_380.jpg,,"강남,강남대로(씨티),강동,군자,홍대,신촌,선릉,역삼"
"애니메이션,어드벤처,코미디",홍대영,"송유미,김정훈,이승준",슈퍼문,Super Moon,2021.09.09,2021.12.08,2D,74,9.4,0,"<h1>한반도 새로운 숲의 지킴이 탄생</h1>

어느 날 갑자기 머리에 뿔이 생긴 10살 소년 건우는 숲의 지킴이가 된다.

그러던 중 동물들을 마구 사냥하는 밀렵꾼과
세상을 지배하려는 좀비 호랑이가 나타나 숲은 위기에 빠진다.
동물 친구들을 구하기 위해
아름다운 한반도의 자연을 지키기 위해

건우와 친구들은 숲을 구할 열쇠가 있는 슈퍼문을 향해 모험을 떠난다!",4731,https://img.megabox.co.kr/SharedImg/2021/08/13/JoF1IaBAtuqm942vkKPVmosllo2R0ZIa_420.jpg,https://img.megabox.co.kr/SharedImg/2021/08/24/Niclzcco9zuY5oxYTa3iMESrp7XbDBkd_380.jpg,https://img.megabox.co.kr/SharedImg/2021/08/24/zDod318DpRWE8DwIcuKv3p3NBnNQEdUp_380.jpg,https://img.megabox.co.kr/SharedImg/2021/08/24/OehmQVdQgfVQVm71FVTz6tDWFfPSkkSP_380.jpg,,"강남,강남대로(씨티),강동,군자,홍대,신촌,선릉,역삼"
"코미디,공포",김은경,"한승연,김현목,홍승범",쇼미더고스트,Show Me The Ghost,2021.09.09,2021.12.08,2D,83,7.6,12,"<h1>가격 굿, 위치 나이스, 풀옵션 완비!</h1>
집은 월세, 퇴마는 셀프?!

영혼까지 끌어 모아 마련한 돈으로 드림 하우스에 입성한 20년 절친 예지와 호두.
완벽한 줄 알았던 집에 귀신이 들자, 돈도 갈 곳도 없는 둘은 귀신을 내쫓기로 결심한다.
그러나 귀신보다 무서운 서울 물가 때문에 지쳐버린 두 사람은
값비싼 전문 퇴마사 대신 특별할인 이벤트 중인 꽃도령 퇴마사 기두와 셀프 퇴마에 나서는데…

""귀신님, 아직... 안 나가셨어요?""",1877,https://img.megabox.co.kr/SharedImg/2021/08/03/qprQZOv8PgtAhWB4m7hlmGdlTYdpEHWi_420.jpg,https://img.megabox.co.kr/SharedImg/2021/08/10/tYyWgtvuIPrcuyaoJ9qU4xLF3djqR4nA_380.jpg,https://img.megabox.co.kr/SharedImg/2021/08/10/i2rn8SWM8CItVPtIo0Slx5k777O3Tkk6_380.jpg,https://img.megabox.co.kr/SharedImg/2021/08/10/y1iIJlU5hm8VRVGXfA3Rh0GrzbnkO5hz_380.jpg,,"강남,강남대로(씨티),강동,군자,홍대,신촌,선릉,역삼"
"드라마,범죄,스릴러",토마스 맥카시,"맥 데이먼, 아비게일 브레스린",스틸워터,Stiilwater,2021.10.06,2022.01.05,2D,138,0,15,"<h1>진실을 파고들수록, 비밀은 깊어진다<h1>
친구를 살해한 혐의로 감옥에 갇힌 딸의 무죄를 입증할 마지막 기회를 위해 나서는 아빠 '빌'
 사건의 실체에 가까워질수록 예기치 못한 사실을 알게 되는데…",2761,https://img.megabox.co.kr/SharedImg/2021/09/27/rTt7ghLUejo0w28sjMsVDhv6oTzql9pg_420.jpg,https://img.megabox.co.kr/SharedImg/2021/09/09/70qSfGWUdRxDTcrQZahsVbnkcDSqxzvg_380.jpg,https://img.megabox.co.kr/SharedImg/2021/09/09/nKskwlHo7yq6Uh1gk96OgxMvHGYqabVB_380.jpg,https://img.megabox.co.kr/SharedImg/2021/09/09/coDdUcKvfBQ6jIICFIqUHY3DBKt9k3xk_380.jpg,,"강남,강남대로(씨티),강동,군자,홍대,신촌,선릉,역삼"
공포,송운,"찬희,박유나,장광",화이트데이:부서진 결계,"The Labyrinth, 2019",2021.10.06,2022.01.05,2D,90,0,15,"<h1>어둠이 깃든 땅을 학생들의 맑은 기운으로
봉인한 연두고등학교.</h1>

최근 원인을 알 수 없는 사건이 연속되는 가운데
오늘 희민이라는 아이가 전학 왔다.

본인의 운명이 뒤바뀔 것이라는 사실은 모른 채...

결게가 깨진 그날 밤, 마침내 그가 각성한다!",122,https://img.megabox.co.kr/SharedImg/2021/09/24/V5UOZIHgzDwTkOyiR9f7gA539xbmIIWW_420.jpg,https://img.megabox.co.kr/SharedImg/2021/09/27/p9lKiUCwh7g96m7C1BIGF5h22KjgyjnM_380.jpg,https://img.megabox.co.kr/SharedImg/2021/09/27/nfsRv9Jq3rJd9Cl2V0YP23K3BoHY1wlN_380.jpg,https://img.megabox.co.kr/SharedImg/2021/09/27/KiNz20sGD6JTJN8QuZo6aoiEcxGDEzrQ_380.jpg,,"강남,강남대로(씨티),강동,군자,홍대,신촌,선릉,역삼"
액션,타니아 웩슬러,"케이트 베킨세일,스탠리 투치,바비 카나베일,제이 코트니",졸트,Jolt,2021.10.14,2022.01.15,2D,91,0,15,"<h1>사랑하는 남친을 잃은 그녀.</h1>
더 이상의 통제는 필요 없다.
제대로 돌아버린 자.
그녀의 숨은 능력이 깨어난다!

10월, 백만 볼트 짜릿한 액션이 시작된다!
",0,https://img.megabox.co.kr/SharedImg/2021/09/27/mL0O16j2xk6VzkwRXJDRSRWbegY3NKx4_420.jpg,https://movie-phinf.pstatic.net/20210916_7/1631755596351YpTBF_JPEG/movie_image.jpg?type=m427_320_2,https://movie-phinf.pstatic.net/20210916_240/1631755640551ljC8a_JPEG/movie_image.jpg?type=m427_320_2,https://movie-phinf.pstatic.net/20210916_174/1631755656386Rw6VE_JPEG/movie_image.jpg?type=m427_320_2,,"강남,강남대로(씨티),강동,군자,홍대,신촌,선릉,역삼"
"애니메이션,액션,판타지",아라이 카즈토,"미야노 마모루, 시마자키 노부나가",극장판 페이트/그랜드 오더 신성원탁영역 카멜롯 팔라딘; 아가트람,"Fate/Grand Order THE MOVIE Divine Real, of the Round Table",2021.08.26,2021.11.25,2D,96,0,15,"<h1>“이번에야말로 이 손으로 나의 왕을 죽이는 거다―”</h1>
방랑의 기사 베디비어와 칼데아 일행이 향한 특이점― 서력 1273년의 예루살렘. 백성들은 집을 잃고 쫓겨났으며, 그 땅은 세 개의 세력이 대치하고 있는 불모지가 되어 있었다.
백아의 성을 쌓고 백성들을 살육하는 사자왕과 '원탁의 기사'를 쓰러뜨리기 위해, 베디비어 일행은 '산의 백성'과 힘을 합쳐 싸운다. 사투 끝에 소중한 동료를 잃은 그들은 강대한 힘을 가진 '태양왕 오지만디아스'에게 동맹을 요청한다.
하지만 오지만디아스는 사자왕의 계획에 대해 말하며 자신의 백성들을 지키겠다는 이유로 제안을 일축해버린다.
베디비어 일행은 사자왕의 진의를 알고 전율하지만, 동료들과 함께 그 계획을 저지하기 위해 성도 카멜롯으로 진격할 것을 결의한다.
그리고 드디어 성도 결전의 날을 맞이한다.
냉혹 무도의 끝을 달리는 사자왕의 진짜 목적은? 약속된 멸망의 세계에서 인류를 구제할 방법이란? 용서받지 못할 죄를 짊어진 베디비어가 맞이하는 결말은?
―가장 슬프고 아름다운 Fate가 이곳에서 완결된다.
",5677,https://img.megabox.co.kr/SharedImg/2021/08/12/wM5b6SyWb7ajNOpTiC3vrzFPRX5U3jzz_420.jpg,https://img.megabox.co.kr/SharedImg/2021/08/04/VzkSxQL64HX7HcbmiHc6StIMVOeAgslk_380.jpg,https://img.megabox.co.kr/SharedImg/2021/08/04/apQl6a9LtiTlEwTfnkdL21OD7spixcOW_380.jpg,https://img.megabox.co.kr/SharedImg/2021/08/04/CZBTOUBSOrCXvRy3VoVg60VZiFQV0Rzx_380.jpg,,"강남,강남대로(씨티),강동,군자,홍대,신촌,선릉,역삼"
"액션,SF,스릴러",앤디 서키스,"톰 하디, 미셸 월리엄스",베놈 2 : 렛 데어 비 카니지,Venom: Let There Be Carnage,2021.10.13,2022.01.12,2D,120,0,15,"<h1>히어로의 시대는 끝났다</h1>
‘베놈’과 완벽한 파트너가 된 ‘에디 브록’(톰 하디) 앞에 ‘클리터스 캐서디’(우디 해럴슨)가 ‘카니지’로 등장,
 앞으로 닥칠 대혼돈의 세상을 예고한다.
 대혼돈의 시대가 시작되고,
 악을 악으로 처단할 것인가?",0,https://img.megabox.co.kr/SharedImg/2021/08/20/MT4poxW8GN6eLQPjOuTrWc3cROzuP2Ey_420.jpg,https://movie-phinf.pstatic.net/20210924_186/1632448898245lywF2_JPEG/movie_image.jpg?type=m427_320_2,https://movie-phinf.pstatic.net/20210924_25/1632448919739Pk6p5_JPEG/movie_image.jpg?type=m427_320_2,https://movie-phinf.pstatic.net/20210924_215/16324489749379rrK4_JPEG/movie_image.jpg?type=m427_320_2,,"강남,강남대로(씨티),강동,군자,홍대,신촌,선릉,역삼"
